task_id	host_id	cursor	role	package	crate_path	worktree	branch	state	base_commit	artifact_commit
/root/implement_cli_tui	collaboration	-	implement	internal/cli/tui	crates/ployz-internal-cli-tui	/tmp/ployz-cli-tui-impl	package/cli-tui	writing	a4801c1f8af0a8aff3918c11f13bec02e789e939	-
/root/implement_machine_api_pb	collaboration	-	implement	internal/machine/api/pb	crates/ployz-internal-machine-api-pb	/tmp/ployz-machine-api-pb-impl	package/machine-api-pb	writing	d3661c923de76b22d9d36d543b0eaeac0a1fec9c	-
/root/implement_machine_metrics	collaboration	-	implement	internal/machine/metrics	crates/ployz-internal-machine-metrics	/tmp/ployz-machine-metrics-impl	package/machine-metrics	writing	a4801c1f8af0a8aff3918c11f13bec02e789e939	-
/root/fix_implement_internal_proxy	collaboration	-	fix	internal/proxy	crates/ployz-internal-proxy	/tmp/ployz-internal-proxy-fix	package/internal-proxy-fix	writing	a4801c1f8af0a8aff3918c11f13bec02e789e939	-
/root/implement_internal_fs	collaboration	-	implement	internal/fs	crates/ployz-internal-fs	/tmp/ployz-internal-fs-impl	package/internal-fs	reviewing	c811f9f046d1e41968f9069b79b235b29c4f68b2	3a1028da5d41731a0f938028cfdb5c25b740cbf1
019ff271-ea84-7472-bc18-541d0b2544cb	slingshot:env_e_6a431d61e6a8832aa1b7af9aa5fe4727	-	implement	internal/dns	crates/ployz-internal-dns	/home/codex/.codex/worktrees/e0f00950-abc5-4cea-8202-266fb0f6c807/ployz-rust-port	detached	writing	02e99778862c741e37a9734fcf4b1003a1fe488c	-
019ff272-06c2-7ff0-aa05-5a5aa70662d4	slingshot:env_e_6a431d61e6a8832aa1b7af9aa5fe4727	-	implement	internal/docker	crates/ployz-internal-docker	/home/codex/.codex/worktrees/2edcc24f-cfa6-42d5-8670-34774b806341/ployz-rust-port	detached	writing	02e99778862c741e37a9734fcf4b1003a1fe488c	-
019ff272-4b51-7483-bd88-31a648503338	slingshot:env_e_6a431d61e6a8832aa1b7af9aa5fe4727	-	implement	internal/corrosion	crates/ployz-internal-corrosion	/home/codex/.codex/worktrees/7b49c337-2477-4460-bb29-8e760ea5d0c9/ployz-rust-port	detached	writing	02e99778862c741e37a9734fcf4b1003a1fe488c	-
019ff274-0ed3-7ab2-b62f-127acafca20b	slingshot:env_e_6a431d61e6a8832aa1b7af9aa5fe4727	-	implement	internal/machine/network/tunnel	crates/ployz-internal-machine-network-tunnel	/home/codex/.codex/worktrees/c9248bb0-79f2-4934-b207-fb79b83b678d/ployz-rust-port	detached	writing	02e99778862c741e37a9734fcf4b1003a1fe488c	-
